source,target,status
/about-neuroaffirming-mental-health-care-assessments-support,/approach/,301
/adultautism,/adhd-autism-assessments/,301
/adult-autism-assessment,/adhd-autism-assessments/,301
/adult-autism-evaluation,/adhd-autism-assessments/,301
/workingadults,/adhd-autism-assessments/,301
/neuroaffirming-therapy,/therapy/,301
/sensory-based-adult-autism-adhd-occupational-therapy,/occupational-therapy/,301
/sensory-based-adult-autism-ADHD-occupational-therapy,/occupational-therapy/,301
/expert-neurodivergent-care-team,/team/,301
/meet-our-team,/team/,301
/referralpartners,/referral-partners/,301
/accommodations,/accommodations/,301
/group-peer-support,/group-support/,301
/group-programs,/group-support/,301
/neuroaffirming-adult-psychiatric-care,/psychiatry/,301
